{"schemaVersion":"1.0","appDefinitionTemplate":{"id":"/providers/Microsoft.PowerApps/apps/","type":"Microsoft.PowerApps/apps","tags":{"primaryDeviceWidth":"1366","primaryDeviceHeight":"768","sienaVersion":"20220128T162833Z-3.21124.16.0","deviceCapabilities":"webcam","supportsPortrait":"true","supportsLandscape":"true","primaryFormFactor":"Tablet","publisherVersion":"3.21124.16","minimumRequiredApiVersion":"2.2.0","hasComponent":"true","hasUnlockedComponent":"true","isUnifiedRootApp":"false"},"properties":{"appVersion":"2022-01-28T16:28:33Z","lifeCycleId":"Published","createdByClientVersion":{"major":3,"minor":21124,"build":16,"revision":0,"majorRevision":0,"minorRevision":0},"minClientVersion":{"major":3,"minor":21124,"build":16,"revision":0,"majorRevision":0,"minorRevision":0},"backgroundColor":"rgba(0, 235, 190, 1)","backgroundImageUri":"/6602829160378641605/Nf786799f-1fc4-47b2-8e7f-d25404d0bae1-logoSmallFile","displayName":"Project 1","description":"Allows users to log in and request time off.","commitMessage":"","appUris":{"documentUri":{"value":"/6602829160378641605/Nc772bbc0-a554-4ce7-b001-f86fcd7c85ff-document.msapp"},"imageUris":[]},"createdTime":"0001-01-01T00:00:00Z","lastModifiedTime":"0001-01-01T00:00:00Z","sharedGroupsCount":0,"sharedUsersCount":0,"icons":{"smallIconUri":"/6602829160378641605/N27a3766c-ed9f-427a-81dc-6abaebca1a04-small.png","mediumIconUri":"/6602829160378641605/N1c045bee-cc9a-4e1a-818c-c30ab5bdbb48-medium.png","largeIconUri":"/6602829160378641605/Ncf15cde4-2a51-4742-858f-4762138e999b-large.png","wideIconUri":"/6602829160378641605/N5f4c3719-4542-4014-af95-1ff0f186b8ba-wide.png"},"connectionReferences":{"4f9ead25-f50b-4155-895e-583c7ed93ddb":{"id":"457047b9-56f9-4fa4-a16c-1bb1306036c1","displayName":"Office 365 Outlook","iconUri":"https://connectoricons-prod.azureedge.net/releases/v1.0.1538/1.0.1538.2621/office365/icon.png","dataSources":["Office365Outlook"],"dependencies":[],"dependents":[],"parameterHints":{},"parameterHintsV2":{},"isOnPremiseConnection":false,"bypassConsent":false,"dataSets":{},"apiTier":"Standard","isCustomApiConnection":false,"actions":["SendEmail","SendEmailV2"]},"0679a753-0cac-4aeb-a8cb-402d6c1fd59e":{"id":"1453d061-d9da-44cb-add1-b6d516770039","displayName":"SharePoint","iconUri":"https://connectoricons-prod.azureedge.net/releases/v1.0.1546/1.0.1546.2667/sharepointonline/icon.png","dataSources":["Employee_Information","Time_Off_Requests","Department Positions","PTO_Accrual","PTO_Approvals"],"dependencies":[],"dependents":[],"parameterHints":{},"parameterHintsV2":{},"isOnPremiseConnection":false,"bypassConsent":false,"dataSets":{"https://revature420.sharepoint.com/sites/Project1":{"dataSources":{"Employee_Information":{"tableName":"1f532cba-f5e3-4b4e-a215-cb11c8d70c71"},"Time_Off_Requests":{"tableName":"47e1a3dd-2976-41aa-a53b-e15f917b4056"},"Department Positions":{"tableName":"35d504a5-3504-4adf-ade7-3127055b2ad1"},"PTO_Accrual":{"tableName":"2243daa1-4f6b-4956-98cb-80c438cc1981"},"PTO_Approvals":{"tableName":"6e2be865-f19a-48c8-bd61-1c921704350c"}}}},"apiTier":"Standard","isCustomApiConnection":false,"actions":["providers/PowerPlatform.Governance/Operations/Read","providers/PowerPlatform.Governance/Operations/Write"]},"c5e9a96c-a713-4c01-94c5-c282b89b5a3e":{"id":"e9e2d0c8-5ba0-44f7-b829-02361b957fd1","displayName":"Office 365 Users","iconUri":"https://connectoricons-prod.azureedge.net/releases/v1.0.1528/1.0.1528.2589/office365users/icon.png","dataSources":["Office365Users"],"dependencies":[],"dependents":[],"parameterHints":{},"parameterHintsV2":{},"isOnPremiseConnection":false,"bypassConsent":false,"dataSets":{},"apiTier":"Standard","isCustomApiConnection":false}},"databaseReferences":{},"almMode":"Environment","performanceOptimizationEnabled":true,"canConsumeAppPass":true,"executionRestrictions":{"isTeamsOnly":false,"dataLossPreventionEvaluationResult":{"status":"Compliant","lastEvaluationDate":"2022-01-16T01:37:56.6212605Z","violations":[],"violationsByPolicy":[],"violationErrorMessage":"The app uses the following connectors: shared_office365, shared_sharepointonline."}}},"appType":"ClassicCanvasApp","appComponents":[]}}